student_id,item_id,Q_matrix,t_e,t_s,s_e,diff,evaluate,correct
1,101,"[0.4340762536104371, 0.8501507186236242, 0.9646358083514737, 0.08173785060086747]","[0.7973235678373559, 0.04368707491041557, 0.3302372442593273, 0.3823405024197267]","[0.33539202552513125, 0.6674042003482937, 0.5910729618785299, 0.40299038650673913]","[0.38323721556179713, 0.7992040383002219, 0.2792658631860425, 0.8882370612806691]","[0.9870124577158733, 0.45253793479049986, 0.4280928671490347, 0.5102211073150579]","[0.16938021317303642, 0.3631881067742644, 0.5942863733662058, 0.742624835041963]",1
2,102,"[0.7963551517457934, 0.26876544406163405, 0.3803584752705119, 0.8438788364750273]","[0.16993447759908975, 0.1362881360831597, 0.4992528771898781, 0.4744660248351209]","[0.26172254624985103, 0.8417120899692658, 0.6374209791063471, 0.38544671868533775]","[0.015202248770659232, 0.03965101119537251, 0.5520038820539392, 0.6140028931346018]","[0.26122449764711086, 0.6672873410821054, 0.9308769018825043, 0.253761267655387]","[0.5320719304822891, 0.26423104593221947, 0.44312638427955, 0.9163469206664892]",0
3,103,"[0.018063581926747507, 0.8228939286004217, 0.6618884782220783, 0.4608355316128293]","[0.7948283425020294, 0.04070624553033342, 0.24054187772109015, 0.5452588948519079]","[0.5738392660715312, 0.5993727500336128, 0.8925123458540452, 0.1759929052085072]","[0.46098387788490836, 0.9729093837891244, 0.29553107673967394, 0.4503878364911652]","[0.3599907903762519, 0.5917388721186914, 0.3733989387969847, 0.39151302100685836]","[0.5127556078235656, 0.7387351563619582, 0.30843922335942997, 0.35720883740627885]",1
